﻿<?xml version="1.0" encoding="utf-8"?>
<RoleModel xmlns:xsi="http://www.w3.org/2001/XMLSchema-instance" xmlns:xsd="http://www.w3.org/2001/XMLSchema" name="Produtor" version="2.9.8599.18" xmlns="http://schemas.microsoft.com/ServiceHosting/2008/10/ServiceDefinition">
  <Runtime>
    <EntryPoint>
      <NetFxEntryPoint assemblyName="Produtor.dll" targetFrameworkVersion="v4.0" />
    </EntryPoint>
  </Runtime>
  <Properties>
    <Property name="TargetFrameworkVersion" value="v4.5.1" />
    <Property name="RoleType" value="Worker" />
    <Property name="RoleName" value="Produtor" />
    <Property name="ProjectName" value="Produtor" />
    <Property name="Configuration" value="Release" />
    <Property name="Platform" value="AnyCPU" />
    <Property name="RoleTargetFramework" value="v4.5.1" />
    <Property name="OutputDir" value="C:\Users\Diego\documents\visual studio 2017\Projects\AzureCloudService1\AzureCloudService1\obj\Release\Produtor\" />
    <Property name="EntryPoint" value="Produtor.dll" />
    <Property name="SourceDir" value="" />
    <Property name="SitePhysicalPath" value="" />
    <Property name="TargetRuntimeVersion" value="v4.0" />
  </Properties>
</RoleModel>